[{"model": "viewer.coloroftrim", "pk": 1, "fields": {"name": "Černy"}}, {"model": "viewer.coloroftrim", "pk": 2, "fields": {"name": "Červený"}}, {"model": "viewer.coloroftrim", "pk": 3, "fields": {"name": "Tmavě-šedý"}}, {"model": "viewer.coloroftrim", "pk": 4, "fields": {"name": "Šedý"}}, {"model": "viewer.coloroftrim", "pk": 5, "fields": {"name": "Světlo-šedý"}}, {"model": "viewer.coloroftrim", "pk": 6, "fields": {"name": "Tmavě-modrý"}}, {"model": "viewer.coloroftrim", "pk": 7, "fields": {"name": "Modrý"}}, {"model": "viewer.coloroftrim", "pk": 8, "fields": {"name": "Hnědý"}}, {"model": "viewer.coloroftrim", "pk": 9, "fields": {"name": "Bežový"}}, {"model": "viewer.colorofmat", "pk": 1, "fields": {"name": "Černý"}}, {"model": "viewer.colorofmat", "pk": 2, "fields": {"name": "Tmavě-šedý"}}, {"model": "viewer.colorofmat", "pk": 3, "fields": {"name": "Bežový"}}, {"model": "viewer.colorofmat", "pk": 4, "fields": {"name": "Hnědý"}}, {"model": "viewer.category", "pk": 1, "fields": {"name": "Alfa Romeo"}}, {"model": "viewer.category", "pk": 2, "fields": {"name": "Audi"}}, {"model": "viewer.category", "pk": 3, "fields": {"name": "BMW"}}, {"model": "viewer.category", "pk": 4, "fields": {"name": "Chery"}}, {"model": "viewer.category", "pk": 5, "fields": {"name": "Chevrolet"}}, {"model": "viewer.category", "pk": 6, "fields": {"name": "Chrysler"}}, {"model": "viewer.category", "pk": 7, "fields": {"name": "Citroen"}}, {"model": "viewer.category", "pk": 8, "fields": {"name": "Daewoo"}}, {"model": "viewer.category", "pk": 9, "fields": {"name": "Datsun"}}, {"model": "viewer.category", "pk": 10, "fields": {"name": "Dodge"}}, {"model": "viewer.category", "pk": 11, "fields": {"name": "Ford"}}, {"model": "viewer.category", "pk": 12, "fields": {"name": "Honda"}}, {"model": "viewer.category", "pk": 13, "fields": {"name": "Hyundai"}}, {"model": "viewer.category", "pk": 14, "fields": {"name": "Infiniti"}}, {"model": "viewer.category", "pk": 15, "fields": {"name": "Jaguar"}}, {"model": "viewer.category", "pk": 16, "fields": {"name": "Jeep"}}, {"model": "viewer.category", "pk": 17, "fields": {"name": "Kia"}}, {"model": "viewer.category", "pk": 18, "fields": {"name": "Land Rover"}}, {"model": "viewer.category", "pk": 19, "fields": {"name": "Lexus"}}, {"model": "viewer.category", "pk": 20, "fields": {"name": "Lifan"}}, {"model": "viewer.category", "pk": 21, "fields": {"name": "Mazda"}}, {"model": "viewer.category", "pk": 22, "fields": {"name": "Mercedes-Benz"}}, {"model": "viewer.category", "pk": 23, "fields": {"name": "Mitsubishi"}}, {"model": "viewer.category", "pk": 24, "fields": {"name": "Nissan"}}, {"model": "viewer.category", "pk": 25, "fields": {"name": "Opel"}}, {"model": "viewer.category", "pk": 26, "fields": {"name": "Peugeot"}}, {"model": "viewer.category", "pk": 27, "fields": {"name": "Porsche"}}, {"model": "viewer.category", "pk": 28, "fields": {"name": "Renault"}}, {"model": "viewer.category", "pk": 29, "fields": {"name": "Seat"}}, {"model": "viewer.category", "pk": 30, "fields": {"name": "Škoda"}}, {"model": "viewer.category", "pk": 31, "fields": {"name": "Smart"}}, {"model": "viewer.category", "pk": 32, "fields": {"name": "Ssanyong"}}, {"model": "viewer.category", "pk": 33, "fields": {"name": "Subaru"}}, {"model": "viewer.category", "pk": 34, "fields": {"name": "Suzuki"}}, {"model": "viewer.category", "pk": 35, "fields": {"name": "Tatra"}}, {"model": "viewer.category", "pk": 36, "fields": {"name": "Tesla"}}, {"model": "viewer.category", "pk": 37, "fields": {"name": "Toyota"}}, {"model": "viewer.category", "pk": 38, "fields": {"name": "Volkswagen"}}, {"model": "viewer.category", "pk": 39, "fields": {"name": "Volvo"}}, {"model": "viewer.subcategory", "pk": 6, "fields": {"name": "Audi A3", "category": 2}}, {"model": "viewer.subcategory", "pk": 7, "fields": {"name": "Audi A4", "category": 2}}, {"model": "viewer.subcategory", "pk": 8, "fields": {"name": "Audi A6", "category": 2}}, {"model": "viewer.subcategory", "pk": 9, "fields": {"name": "Audi A7", "category": 2}}, {"model": "viewer.subcategory", "pk": 10, "fields": {"name": "Audi A8", "category": 2}}, {"model": "viewer.subcategory", "pk": 11, "fields": {"name": "Audi Q5", "category": 2}}, {"model": "viewer.subcategory", "pk": 12, "fields": {"name": "Audi Q7", "category": 2}}, {"model": "viewer.subcategory", "pk": 13, "fields": {"name": "Audi TT", "category": 2}}, {"model": "viewer.subcategory", "pk": 14, "fields": {"name": "Alfa Romeo 147", "category": 1}}, {"model": "viewer.subcategory", "pk": 15, "fields": {"name": "Alfa Romeo 159", "category": 1}}, {"model": "viewer.body", "pk": 1, "fields": {"name": "Komby"}}, {"model": "viewer.body", "pk": 2, "fields": {"name": "SUV"}}, {"model": "viewer.body", "pk": 3, "fields": {"name": "Sedan"}}, {"model": "viewer.body", "pk": 4, "fields": {"name": "Limuzína"}}, {"model": "viewer.body", "pk": 5, "fields": {"name": "Hatchback"}}, {"model": "viewer.body", "pk": 6, "fields": {"name": "Liftback"}}, {"model": "viewer.body", "pk": 7, "fields": {"name": "MPV"}}, {"model": "viewer.body", "pk": 8, "fields": {"name": "Pick-up"}}, {"model": "viewer.product", "pk": 1, "fields": {"name": "EVA koberce Alfa Romeo 147 (2000-2010)", "subcategory": 14, "year_of_manufacture": "2000", "body": 5, "code": null, "short_description": "test Alfa Romeo short", "description": "test Alfa Romeo", "quantity": 5, "price": 2395.0, "availability": true, "image": "products/Alfa-Romeo-147_web.jpeg", "mat_color": 1, "trim_color": 1}}, {"model": "viewer.product", "pk": 2, "fields": {"name": "EVA koberce Alfa Romeo 159 (2005-2011)", "subcategory": 15, "year_of_manufacture": "2005", "body": 5, "code": null, "short_description": "Autokoberce EVA jsou vyrobeny z velmi příjemného lehkého materiálu, který poskytuje trvalý komfort a pohodlí. Koberce skrývají prach, vodu, vypadají skvěle za každého počasí a vždy si zachovávají estetiku. Salon vašeho auta s těmito koberečky bude vždy vypadat hezky. U modelů se můžou lišit výkresy podle toho, zda je vozidlo kombi, sedan, hatchback apod. Proto pokud chcete mít autokoberce přesně na míru a jste z okolí Prahy, tak je možnost schůzky a udělat výkresy přímo pro vaše vozidlo.", "description": "Autokoberce EVA jsou vyrobeny z velmi příjemného lehkého materiálu, který poskytuje trvalý komfort a pohodlí. Koberce skrývají prach, vodu, vypadají skvěle za každého počasí a vždy si zachovávají estetiku. Salon vašeho auta s těmito koberečky bude vždy vypadat hezky. Koberce vlze objednat v různých barvách. Je možné jak klasické, tak speciální designové řešení. Autokoberce EVA dokonale chrání interiér vašeho auta před vlhkostí, prachem a nečistotami. Můžete si vždy koupit jakoukoli díl zvlášť, nemusíte objednávat celou sadu. Povrch materiálu koberečků je pokryt speciálními kosočtverečnými buňkami. Obvykle nečistoty, které se dostanou na běžné rohože, se začnou rozmazávat a šířit po celém salonu, ale v případě EVA materiálu se to nikdy nestane. Sníh, voda, prach a vlhké nečistoty se dostanou do buněk a zůstanou tam. Mimochodem, díky buňkám materiálu budete uklízet v kabině méně často. Pokud máte v autě nestandardní tvar podlahy v kabině (například v souvislosti s tuningem), můžeme pro vás vyrobit vlastní koberce. Rozměry, tvar a barvy výrobků mohou být libovolné. Cena přitom bude jako u běžného produktu. Měkký ultralehký plast EVA, ze kterého jsou koberce vyrobeny, je 100% bezpečný pro zdraví. Z něj se často vyrábějí objemné puzzle pro nejmenší a další dětské hračky, takže si můžete být zcela jisti jeho ekologičností. Rohože jsou bez zápachu a na dotek jsou velmi měkké a příjemné. Autokoberce EVA jsou větší a lépe kryjí podlahy než původní koberce. Odolné proti opotřebení. Průměrná životnost od 3 let. Dobře odolávají teplotám od -40° do + 50°.", "quantity": 6, "price": 2395.0, "availability": true, "image": "products/Alfa-Romeo-159.jpeg", "mat_color": 1, "trim_color": 1}}, {"model": "viewer.product", "pk": 3, "fields": {"name": "EVA koberce Audi A3 III 8V sedan (2012-2020)", "subcategory": 6, "year_of_manufacture": "2012", "body": 5, "code": null, "short_description": "Autokoberce EVA jsou vyrobeny z velmi příjemného lehkého materiálu, který poskytuje trvalý komfort a pohodlí. Koberce skrývají prach, vodu, vypadají skvěle za každého počasí a vždy si zachovávají estetiku. Salon vašeho auta s těmito koberečky bude vždy vypadat hezky. U modelů se můžou lišit výkresy podle toho, zda je vozidlo kombi, sedan, hatchback apod. Proto pokud chcete mít autokoberce přesně na míru a jste z okolí Prahy, tak je možnost schůzky a udělat výkresy přímo pro vaše vozidlo.", "description": "Autokoberce EVA jsou vyrobeny z velmi příjemného lehkého materiálu, který poskytuje trvalý komfort a pohodlí. Koberce skrývají prach, vodu, vypadají skvěle za každého počasí a vždy si zachovávají estetiku. Salon vašeho auta s těmito koberečky bude vždy vypadat hezky. Koberce vlze objednat v různých barvách. Je možné jak klasické, tak speciální designové řešení. Autokoberce EVA dokonale chrání interiér vašeho auta před vlhkostí, prachem a nečistotami. Můžete si vždy koupit jakoukoli díl zvlášť, nemusíte objednávat celou sadu. Povrch materiálu koberečků je pokryt speciálními kosočtverečnými buňkami. Obvykle nečistoty, které se dostanou na běžné rohože, se začnou rozmazávat a šířit po celém salonu, ale v případě EVA materiálu se to nikdy nestane. Sníh, voda, prach a vlhké nečistoty se dostanou do buněk a zůstanou tam. Mimochodem, díky buňkám materiálu budete uklízet v kabině méně často. Pokud máte v autě nestandardní tvar podlahy v kabině (například v souvislosti s tuningem), můžeme pro vás vyrobit vlastní koberce. Rozměry, tvar a barvy výrobků mohou být libovolné. Cena přitom bude jako u běžného produktu. Měkký ultralehký plast EVA, ze kterého jsou koberce vyrobeny, je 100% bezpečný pro zdraví. Z něj se často vyrábějí objemné puzzle pro nejmenší a další dětské hračky, takže si můžete být zcela jisti jeho ekologičností. Rohože jsou bez zápachu a na dotek jsou velmi měkké a příjemné. Autokoberce EVA jsou větší a lépe kryjí podlahy než původní koberce. Odolné proti opotřebení. Průměrná životnost od 3 let. Dobře odolávají teplotám od -40° do + 50°.", "quantity": 4, "price": 2395.0, "availability": true, "image": "products/Audi_A3_III_8V_sedan.jpeg", "mat_color": 1, "trim_color": 1}}, {"model": "viewer.product", "pk": 4, "fields": {"name": "EVA koberce Audi A4 B6 (2000-2004)", "subcategory": 7, "year_of_manufacture": "2000", "body": 1, "code": null, "short_description": "Autokoberce EVA jsou vyrobeny z velmi příjemného lehkého materiálu, který poskytuje trvalý komfort a pohodlí. Koberce skrývají prach, vodu, vypadají skvěle za každého počasí a vždy si zachovávají estetiku. Salon vašeho auta s těmito koberečky bude vždy vypadat hezky. U modelů se můžou lišit výkresy podle toho, zda je vozidlo kombi, sedan, hatchback apod. Proto pokud chcete mít autokoberce přesně na míru a jste z okolí Prahy, tak je možnost schůzky a udělat výkresy přímo pro vaše vozidlo.", "description": "Autokoberce EVA jsou vyrobeny z velmi příjemného lehkého materiálu, který poskytuje trvalý komfort a pohodlí. Koberce skrývají prach, vodu, vypadají skvěle za každého počasí a vždy si zachovávají estetiku. Salon vašeho auta s těmito koberečky bude vždy vypadat hezky. Koberce vlze objednat v různých barvách. Je možné jak klasické, tak speciální designové řešení. Autokoberce EVA dokonale chrání interiér vašeho auta před vlhkostí, prachem a nečistotami. Můžete si vždy koupit jakoukoli díl zvlášť, nemusíte objednávat celou sadu. Povrch materiálu koberečků je pokryt speciálními kosočtverečnými buňkami. Obvykle nečistoty, které se dostanou na běžné rohože, se začnou rozmazávat a šířit po celém salonu, ale v případě EVA materiálu se to nikdy nestane. Sníh, voda, prach a vlhké nečistoty se dostanou do buněk a zůstanou tam. Mimochodem, díky buňkám materiálu budete uklízet v kabině méně často. Pokud máte v autě nestandardní tvar podlahy v kabině (například v souvislosti s tuningem), můžeme pro vás vyrobit vlastní koberce. Rozměry, tvar a barvy výrobků mohou být libovolné. Cena přitom bude jako u běžného produktu. Měkký ultralehký plast EVA, ze kterého jsou koberce vyrobeny, je 100% bezpečný pro zdraví. Z něj se často vyrábějí objemné puzzle pro nejmenší a další dětské hračky, takže si můžete být zcela jisti jeho ekologičností. Rohože jsou bez zápachu a na dotek jsou velmi měkké a příjemné. Autokoberce EVA jsou větší a lépe kryjí podlahy než původní koberce. Odolné proti opotřebení. Průměrná životnost od 3 let. Dobře odolávají teplotám od -40° do + 50°.", "quantity": 4, "price": 2395.0, "availability": true, "image": "products/Audi_A4_B6_2000.jpeg", "mat_color": 1, "trim_color": 1}}, {"model": "viewer.product", "pk": 5, "fields": {"name": "EVA koberce Audi A4 B7 (2004-2009)", "subcategory": 7, "year_of_manufacture": "2004", "body": 1, "code": null, "short_description": "Autokoberce EVA jsou vyrobeny z velmi příjemného lehkého materiálu, který poskytuje trvalý komfort a pohodlí. Koberce skrývají prach, vodu, vypadají skvěle za každého počasí a vždy si zachovávají estetiku. Salon vašeho auta s těmito koberečky bude vždy vypadat hezky. U modelů se můžou lišit výkresy podle toho, zda je vozidlo kombi, sedan, hatchback apod. Proto pokud chcete mít autokoberce přesně na míru a jste z okolí Prahy, tak je možnost schůzky a udělat výkresy přímo pro vaše vozidlo.", "description": "Autokoberce EVA jsou vyrobeny z velmi příjemného lehkého materiálu, který poskytuje trvalý komfort a pohodlí. Koberce skrývají prach, vodu, vypadají skvěle za každého počasí a vždy si zachovávají estetiku. Salon vašeho auta s těmito koberečky bude vždy vypadat hezky. Koberce vlze objednat v různých barvách. Je možné jak klasické, tak speciální designové řešení. Autokoberce EVA dokonale chrání interiér vašeho auta před vlhkostí, prachem a nečistotami. Můžete si vždy koupit jakoukoli díl zvlášť, nemusíte objednávat celou sadu. Povrch materiálu koberečků je pokryt speciálními kosočtverečnými buňkami. Obvykle nečistoty, které se dostanou na běžné rohože, se začnou rozmazávat a šířit po celém salonu, ale v případě EVA materiálu se to nikdy nestane. Sníh, voda, prach a vlhké nečistoty se dostanou do buněk a zůstanou tam. Mimochodem, díky buňkám materiálu budete uklízet v kabině méně často. Pokud máte v autě nestandardní tvar podlahy v kabině (například v souvislosti s tuningem), můžeme pro vás vyrobit vlastní koberce. Rozměry, tvar a barvy výrobků mohou být libovolné. Cena přitom bude jako u běžného produktu. Měkký ultralehký plast EVA, ze kterého jsou koberce vyrobeny, je 100% bezpečný pro zdraví. Z něj se často vyrábějí objemné puzzle pro nejmenší a další dětské hračky, takže si můžete být zcela jisti jeho ekologičností. Rohože jsou bez zápachu a na dotek jsou velmi měkké a příjemné. Autokoberce EVA jsou větší a lépe kryjí podlahy než původní koberce. Odolné proti opotřebení. Průměrná životnost od 3 let. Dobře odolávají teplotám od -40° do + 50°.", "quantity": 6, "price": 2395.0, "availability": true, "image": "products/Audi_A4_B7.jpeg", "mat_color": 1, "trim_color": 1}}, {"model": "viewer.product", "pk": 6, "fields": {"name": "EVA koberce Audi A4 B8 (2007-2015)", "subcategory": 7, "year_of_manufacture": "2007", "body": 1, "code": null, "short_description": "Autokoberce EVA jsou vyrobeny z velmi příjemného lehkého materiálu, který poskytuje trvalý komfort a pohodlí. Koberce skrývají prach, vodu, vypadají skvěle za každého počasí a vždy si zachovávají estetiku. Salon vašeho auta s těmito koberečky bude vždy vypadat hezky. U modelů se můžou lišit výkresy podle toho, zda je vozidlo kombi, sedan, hatchback apod. Proto pokud chcete mít autokoberce přesně na míru a jste z okolí Prahy, tak je možnost schůzky a udělat výkresy přímo pro vaše vozidlo.", "description": "Autokoberce EVA jsou vyrobeny z velmi příjemného lehkého materiálu, který poskytuje trvalý komfort a pohodlí. Koberce skrývají prach, vodu, vypadají skvěle za každého počasí a vždy si zachovávají estetiku. Salon vašeho auta s těmito koberečky bude vždy vypadat hezky. Koberce vlze objednat v různých barvách. Je možné jak klasické, tak speciální designové řešení. Autokoberce EVA dokonale chrání interiér vašeho auta před vlhkostí, prachem a nečistotami. Můžete si vždy koupit jakoukoli díl zvlášť, nemusíte objednávat celou sadu. Povrch materiálu koberečků je pokryt speciálními kosočtverečnými buňkami. Obvykle nečistoty, které se dostanou na běžné rohože, se začnou rozmazávat a šířit po celém salonu, ale v případě EVA materiálu se to nikdy nestane. Sníh, voda, prach a vlhké nečistoty se dostanou do buněk a zůstanou tam. Mimochodem, díky buňkám materiálu budete uklízet v kabině méně často. Pokud máte v autě nestandardní tvar podlahy v kabině (například v souvislosti s tuningem), můžeme pro vás vyrobit vlastní koberce. Rozměry, tvar a barvy výrobků mohou být libovolné. Cena přitom bude jako u běžného produktu. Měkký ultralehký plast EVA, ze kterého jsou koberce vyrobeny, je 100% bezpečný pro zdraví. Z něj se často vyrábějí objemné puzzle pro nejmenší a další dětské hračky, takže si můžete být zcela jisti jeho ekologičností. Rohože jsou bez zápachu a na dotek jsou velmi měkké a příjemné. Autokoberce EVA jsou větší a lépe kryjí podlahy než původní koberce. Odolné proti opotřebení. Průměrná životnost od 3 let. Dobře odolávají teplotám od -40° do + 50°.", "quantity": 3, "price": 2395.0, "availability": true, "image": "products/Audi_A4_B9_2016___ztGwHw9.jpeg", "mat_color": 1, "trim_color": 1}}, {"model": "viewer.product", "pk": 7, "fields": {"name": "EVA koberce Audi A4 B9 (2016)", "subcategory": 7, "year_of_manufacture": "2016", "body": 1, "code": null, "short_description": "Autokoberce EVA jsou vyrobeny z velmi příjemného lehkého materiálu, který poskytuje trvalý komfort a pohodlí.\r\n\r\nKoberce skrývají prach, vodu, vypadají skvěle za každého počasí a vždy si zachovávají estetiku.\r\n\r\nSalon vašeho auta s těmito koberečky bude vždy vypadat hezky.\r\n\r\nU modelů se můžou lišit výkresy podle toho, zda je vozidlo kombi, sedan, hatchback apod.\r\n\r\nProto pokud chcete mít autokoberce přesně na míru a jste z okolí Prahy, tak je možnost schůzky a udělat výkresy přímo pro vaše vozidlo.", "description": "Autokoberce EVA jsou vyrobeny z velmi příjemného lehkého materiálu, který poskytuje trvalý komfort a pohodlí.\r\n\r\nKoberce skrývají prach, vodu, vypadají skvěle za každého počasí a vždy si zachovávají estetiku.\r\n\r\nSalon vašeho auta s těmito koberečky bude vždy vypadat hezky.\r\n\r\nKoberce vlze objednat v různých barvách. Je možné jak klasické, tak speciální designové řešení.\r\n\r\nAutokoberce EVA dokonale chrání interiér vašeho auta před vlhkostí, prachem a nečistotami.\r\n\r\nMůžete si vždy koupit jakoukoli díl zvlášť, nemusíte objednávat celou sadu.\r\n\r\nPovrch materiálu koberečků je pokryt speciálními kosočtverečnými buňkami. Obvykle nečistoty, které se dostanou na běžné rohože, se začnou rozmazávat a šířit po celém salonu, ale v případě EVA materiálu se to nikdy nestane. Sníh, voda, prach a vlhké nečistoty se dostanou do buněk a zůstanou tam. Mimochodem, díky buňkám materiálu budete uklízet v kabině méně často.\r\n\r\nPokud máte v autě nestandardní tvar podlahy v kabině (například v souvislosti s tuningem), můžeme pro vás vyrobit vlastní koberce. Rozměry, tvar a barvy výrobků mohou být libovolné.\r\n\r\nCena přitom bude jako u běžného produktu.\r\n\r\nMěkký ultralehký plast EVA, ze kterého jsou koberce vyrobeny, je 100% bezpečný pro zdraví. Z něj se často vyrábějí objemné puzzle pro nejmenší a další dětské hračky, takže si můžete být zcela jisti jeho ekologičností. Rohože jsou bez zápachu a na dotek jsou velmi měkké a příjemné.\r\n\r\nAutokoberce EVA jsou větší a lépe kryjí podlahy než původní koberce.\r\n\r\nOdolné proti opotřebení.\r\n\r\nPrůměrná životnost od 3 let. Dobře odolávají teplotám od -40° do + 50°.", "quantity": 7, "price": 2395.0, "availability": true, "image": "products/Audi_A4_B9_2016.jpeg", "mat_color": 1, "trim_color": 1}}, {"model": "viewer.product", "pk": 9, "fields": {"name": "EVA koberce Audi A6 C7 (2011 →)", "subcategory": 8, "year_of_manufacture": "2011", "body": 6, "code": null, "short_description": "Autokoberce EVA jsou vyrobeny z velmi příjemného lehkého materiálu, který poskytuje trvalý komfort a pohodlí.\r\n\r\nKoberce skrývají prach, vodu, vypadají skvěle za každého počasí a vždy si zachovávají estetiku.\r\n\r\nSalon vašeho auta s těmito koberečky bude vždy vypadat hezky.\r\n\r\nU modelů se můžou lišit výkresy podle toho, zda je vozidlo kombi, sedan, hatchback apod.\r\n\r\nProto pokud chcete mít autokoberce přesně na míru a jste z okolí Prahy, tak je možnost schůzky a udělat výkresy přímo pro vaše vozidlo.", "description": "Autokoberce EVA jsou vyrobeny z velmi příjemného lehkého materiálu, který poskytuje trvalý komfort a pohodlí.\r\n\r\nKoberce skrývají prach, vodu, vypadají skvěle za každého počasí a vždy si zachovávají estetiku.\r\n\r\nSalon vašeho auta s těmito koberečky bude vždy vypadat hezky.\r\n\r\nKoberce vlze objednat v různých barvách. Je možné jak klasické, tak speciální designové řešení.\r\n\r\nAutokoberce EVA dokonale chrání interiér vašeho auta před vlhkostí, prachem a nečistotami.\r\n\r\nMůžete si vždy koupit jakoukoli díl zvlášť, nemusíte objednávat celou sadu.\r\n\r\nPovrch materiálu koberečků je pokryt speciálními kosočtverečnými buňkami. Obvykle nečistoty, které se dostanou na běžné rohože, se začnou rozmazávat a šířit po celém salonu, ale v případě EVA materiálu se to nikdy nestane. Sníh, voda, prach a vlhké nečistoty se dostanou do buněk a zůstanou tam. Mimochodem, díky buňkám materiálu budete uklízet v kabině méně často.\r\n\r\nPokud máte v autě nestandardní tvar podlahy v kabině (například v souvislosti s tuningem), můžeme pro vás vyrobit vlastní koberce. Rozměry, tvar a barvy výrobků mohou být libovolné.\r\n\r\nCena přitom bude jako u běžného produktu.\r\n\r\nMěkký ultralehký plast EVA, ze kterého jsou koberce vyrobeny, je 100% bezpečný pro zdraví. Z něj se často vyrábějí objemné puzzle pro nejmenší a další dětské hračky, takže si můžete být zcela jisti jeho ekologičností. Rohože jsou bez zápachu a na dotek jsou velmi měkké a příjemné.\r\n\r\nAutokoberce EVA jsou větší a lépe kryjí podlahy než původní koberce.\r\n\r\nOdolné proti opotřebení.\r\n\r\nPrůměrná životnost od 3 let. Dobře odolávají teplotám od -40° do + 50°.", "quantity": 4, "price": 2395.0, "availability": true, "image": "products/Audi_A6_c7_8hItEGi.jpeg", "mat_color": 1, "trim_color": 1}}, {"model": "viewer.product", "pk": 10, "fields": {"name": "EVA koberce BMW 1 E87 (2004-2011)", "subcategory": 6, "year_of_manufacture": "2004", "body": 5, "code": null, "short_description": "EVA koberce BMW 1 E87 (2004-2011)", "description": "EVA koberce BMW 1 E87 (2004-2011)", "quantity": 5, "price": 2395.0, "availability": true, "image": "products/BMW_1_E87_2004-2011c_sJeCdr4.jpeg", "mat_color": 1, "trim_color": 1}}, {"model": "viewer.productimage", "pk": 4, "fields": {"product": 9, "image": "products/product_file_1_HGYbt7F.jpg"}}, {"model": "viewer.productimage", "pk": 5, "fields": {"product": 9, "image": "products/product_file_2_K01y4x8.jpg"}}, {"model": "viewer.productimage", "pk": 6, "fields": {"product": 10, "image": "products/BMW_1_E87_2004-2011c_tjAuSC6.jpeg"}}, {"model": "viewer.productimage", "pk": 7, "fields": {"product": 10, "image": "products/1_product_file_1.jpg"}}, {"model": "viewer.productimage", "pk": 8, "fields": {"product": 10, "image": "products/2_product_file_2.jpg"}}, {"model": "viewer.productimage", "pk": 9, "fields": {"product": 10, "image": "products/3_product_file_3.jpeg"}}, {"model": "viewer.cart", "pk": 1, "fields": {"session_key": "jxdvkfe5mkyhyd0fy6nr0mg7l924saxa", "created_at": "2024-10-07T21:03:42.347Z", "updated_at": "2024-10-07T21:03:42.347Z"}}, {"model": "viewer.cart", "pk": 4, "fields": {"session_key": "", "created_at": "2024-10-07T21:49:14.604Z", "updated_at": "2024-10-07T21:49:14.604Z"}}, {"model": "viewer.cart", "pk": 5, "fields": {"session_key": "unique_key_4", "created_at": "2024-10-07T21:51:08.402Z", "updated_at": "2024-10-07T21:51:08.402Z"}}, {"model": "viewer.cart", "pk": 6, "fields": {"session_key": "unique_key_5", "created_at": "2024-10-07T21:51:08.469Z", "updated_at": "2024-10-07T21:51:08.469Z"}}, {"model": "viewer.cart", "pk": 7, "fields": {"session_key": "unique_key_6", "created_at": "2024-10-07T21:51:08.545Z", "updated_at": "2024-10-07T21:51:08.545Z"}}, {"model": "viewer.cart", "pk": 63, "fields": {"session_key": "kxhkwhj664q229c5bm95fs6yy2ono7gt", "created_at": "2024-10-10T11:58:03.761Z", "updated_at": "2024-10-10T11:58:03.762Z"}}, {"model": "viewer.cartitem", "pk": 60, "fields": {"cart": 63, "product": 9, "mat_color": 1, "trim_color": 1, "quantity": 1, "price": "2395.00"}}, {"model": "viewer.paymentmethod", "pk": 1, "fields": {"name": "Prevodem", "description": ""}}, {"model": "viewer.paymentmethod", "pk": 2, "fields": {"name": "Na Dobirku", "description": ""}}, {"model": "viewer.paymentmethod", "pk": 3, "fields": {"name": "Kartou", "description": ""}}, {"model": "viewer.paymentmethod", "pk": 4, "fields": {"name": "Credit Card", "description": null}}, {"model": "viewer.paymentmethod", "pk": 5, "fields": {"name": "Paypal", "description": null}}, {"model": "viewer.paymentmethod", "pk": 6, "fields": {"name": "Bank Transfer", "description": null}}, {"model": "viewer.payment", "pk": 1, "fields": {"cart": 1, "total_price": "2395.00", "payment_method": 1, "payment_status": "Pending", "created_at": "2024-10-07T21:03:57.015Z", "updated_at": "2024-10-08T08:25:25.291Z"}}, {"model": "viewer.payment", "pk": 2, "fields": {"cart": 5, "total_price": "1000.00", "payment_method": 4, "payment_status": "Pending", "created_at": "2024-10-07T21:52:34.626Z", "updated_at": "2024-10-07T21:52:34.626Z"}}, {"model": "viewer.payment", "pk": 3, "fields": {"cart": 6, "total_price": "1500.00", "payment_method": 5, "payment_status": "Pending", "created_at": "2024-10-07T21:52:34.695Z", "updated_at": "2024-10-07T21:52:34.695Z"}}, {"model": "viewer.payment", "pk": 4, "fields": {"cart": 7, "total_price": "2000.00", "payment_method": 6, "payment_status": "Pending", "created_at": "2024-10-07T21:52:34.781Z", "updated_at": "2024-10-07T21:52:34.781Z"}}, {"model": "viewer.payment", "pk": 28, "fields": {"cart": 63, "total_price": "2395.00", "payment_method": 1, "payment_status": "Pending", "created_at": "2024-10-10T11:58:16.444Z", "updated_at": "2024-10-10T12:15:17.599Z"}}, {"model": "viewer.shippingmethod", "pk": 1, "fields": {"name": "Zásilkovna domu", "description": ""}}, {"model": "viewer.shippingmethod", "pk": 2, "fields": {"name": "Zásilkovna výdejní místo", "description": ""}}, {"model": "viewer.shippingmethod", "pk": 3, "fields": {"name": "Osobní odběr", "description": ""}}, {"model": "viewer.shipping", "pk": 1, "fields": {"cart": 1, "address": "Nepomuckych 749/19", "city": "Praha", "postal_code": "19900", "country": "Česko", "telefon": "776577177", "email": "sliams@gmail.com", "shipping_method": 1, "shipping_status": "Pending", "created_at": "2024-10-08T08:25:25.828Z", "updated_at": "2024-10-08T08:25:25.828Z"}}, {"model": "viewer.shipping", "pk": 25, "fields": {"cart": 63, "address": "Nepomuckych 749/19", "city": "Praha", "postal_code": "19900", "country": "Česko", "telefon": "776577177", "email": "sliams@gmail.com", "shipping_method": 1, "shipping_status": "Pending", "created_at": "2024-10-10T11:58:16.712Z", "updated_at": "2024-10-10T12:15:17.745Z"}}, {"model": "viewer.order", "pk": 1, "fields": {"cart": null, "customer_name": "", "customer_email": "", "customer_phone": "000 000 000", "customer_address": "", "customer_city": "", "customer_postal_code": "", "customer_country": "Česká republika", "order_date": "2024-10-10T11:52:33.267Z", "total_amount": "2395.00", "status": "New", "created_at": "2024-10-10T11:52:33.268Z"}}, {"model": "viewer.order", "pk": 2, "fields": {"cart": null, "customer_name": "", "customer_email": "", "customer_phone": "000 000 000", "customer_address": "", "customer_city": "", "customer_postal_code": "", "customer_country": "Česká republika", "order_date": "2024-10-10T11:53:40.178Z", "total_amount": "2395.00", "status": "New", "created_at": "2024-10-10T11:53:40.178Z"}}, {"model": "viewer.order", "pk": 3, "fields": {"cart": 63, "customer_name": "", "customer_email": "", "customer_phone": "000 000 000", "customer_address": "", "customer_city": "", "customer_postal_code": "", "customer_country": "Česká republika", "order_date": "2024-10-10T11:58:16.817Z", "total_amount": "2395.00", "status": "New", "created_at": "2024-10-10T11:58:16.817Z"}}, {"model": "viewer.order", "pk": 4, "fields": {"cart": 63, "customer_name": "", "customer_email": "", "customer_phone": "000 000 000", "customer_address": "", "customer_city": "", "customer_postal_code": "", "customer_country": "Česká republika", "order_date": "2024-10-10T12:15:17.898Z", "total_amount": "2395.00", "status": "New", "created_at": "2024-10-10T12:15:17.898Z"}}]