[{"model": "viewer.coloroftrim", "pk": 1, "fields": {"name": "Černy"}}, {"model": "viewer.coloroftrim", "pk": 2, "fields": {"name": "Červený"}}, {"model": "viewer.coloroftrim", "pk": 3, "fields": {"name": "Tmavě-šedý"}}, {"model": "viewer.coloroftrim", "pk": 4, "fields": {"name": "Šedý"}}, {"model": "viewer.coloroftrim", "pk": 5, "fields": {"name": "Světlo-šedý"}}, {"model": "viewer.coloroftrim", "pk": 6, "fields": {"name": "Tmavě-modrý"}}, {"model": "viewer.coloroftrim", "pk": 7, "fields": {"name": "Modrý"}}, {"model": "viewer.coloroftrim", "pk": 8, "fields": {"name": "Hnědý"}}, {"model": "viewer.coloroftrim", "pk": 9, "fields": {"name": "Bežový"}}, {"model": "viewer.colorofmat", "pk": 1, "fields": {"name": "Cerny"}}, {"model": "viewer.colorofmat", "pk": 2, "fields": {"name": "Tmavě-šedý"}}, {"model": "viewer.colorofmat", "pk": 3, "fields": {"name": "Bežový"}}, {"model": "viewer.colorofmat", "pk": 4, "fields": {"name": "Hnědý"}}, {"model": "viewer.category", "pk": 1, "fields": {"name": "Alfa Romeo"}}, {"model": "viewer.category", "pk": 2, "fields": {"name": "Audi"}}, {"model": "viewer.category", "pk": 3, "fields": {"name": "BMW"}}, {"model": "viewer.category", "pk": 4, "fields": {"name": "Chery"}}, {"model": "viewer.category", "pk": 5, "fields": {"name": "Chevrolet"}}, {"model": "viewer.category", "pk": 6, "fields": {"name": "Chrysler"}}, {"model": "viewer.category", "pk": 7, "fields": {"name": "Citroen"}}, {"model": "viewer.category", "pk": 8, "fields": {"name": "Daewoo"}}, {"model": "viewer.category", "pk": 9, "fields": {"name": "Datsun"}}, {"model": "viewer.category", "pk": 10, "fields": {"name": "Dodge"}}, {"model": "viewer.category", "pk": 11, "fields": {"name": "Ford"}}, {"model": "viewer.category", "pk": 12, "fields": {"name": "Honda"}}, {"model": "viewer.category", "pk": 13, "fields": {"name": "Hyundai"}}, {"model": "viewer.category", "pk": 14, "fields": {"name": "Infiniti"}}, {"model": "viewer.category", "pk": 15, "fields": {"name": "Jaguar"}}, {"model": "viewer.category", "pk": 16, "fields": {"name": "Jeep"}}, {"model": "viewer.category", "pk": 17, "fields": {"name": "Kia"}}, {"model": "viewer.category", "pk": 18, "fields": {"name": "Land Rover"}}, {"model": "viewer.category", "pk": 19, "fields": {"name": "Lexus"}}, {"model": "viewer.category", "pk": 20, "fields": {"name": "Lifan"}}, {"model": "viewer.category", "pk": 21, "fields": {"name": "Mazda"}}, {"model": "viewer.category", "pk": 22, "fields": {"name": "Mercedes-Benz"}}, {"model": "viewer.category", "pk": 23, "fields": {"name": "Mitsubishi"}}, {"model": "viewer.category", "pk": 24, "fields": {"name": "Nissan"}}, {"model": "viewer.category", "pk": 25, "fields": {"name": "Opel"}}, {"model": "viewer.category", "pk": 26, "fields": {"name": "Peugeot"}}, {"model": "viewer.category", "pk": 27, "fields": {"name": "Porsche"}}, {"model": "viewer.category", "pk": 28, "fields": {"name": "Renault"}}, {"model": "viewer.category", "pk": 29, "fields": {"name": "Seat"}}, {"model": "viewer.category", "pk": 30, "fields": {"name": "Škoda"}}, {"model": "viewer.category", "pk": 31, "fields": {"name": "Smart"}}, {"model": "viewer.category", "pk": 32, "fields": {"name": "Ssanyong"}}, {"model": "viewer.category", "pk": 33, "fields": {"name": "Subaru"}}, {"model": "viewer.category", "pk": 34, "fields": {"name": "Suzuki"}}, {"model": "viewer.category", "pk": 35, "fields": {"name": "Tatra"}}, {"model": "viewer.category", "pk": 36, "fields": {"name": "Tesla"}}, {"model": "viewer.category", "pk": 37, "fields": {"name": "Toyota"}}, {"model": "viewer.category", "pk": 38, "fields": {"name": "Volkswagen"}}, {"model": "viewer.category", "pk": 39, "fields": {"name": "Volvo"}}, {"model": "viewer.subcategory", "pk": 6, "fields": {"name": "Audi A3", "category": 2}}, {"model": "viewer.subcategory", "pk": 7, "fields": {"name": "Audi A4", "category": 2}}, {"model": "viewer.subcategory", "pk": 8, "fields": {"name": "Audi A6", "category": 2}}, {"model": "viewer.subcategory", "pk": 9, "fields": {"name": "Audi A7", "category": 2}}, {"model": "viewer.subcategory", "pk": 10, "fields": {"name": "Audi A8", "category": 2}}, {"model": "viewer.subcategory", "pk": 11, "fields": {"name": "Audi Q5", "category": 2}}, {"model": "viewer.subcategory", "pk": 12, "fields": {"name": "Audi Q7", "category": 2}}, {"model": "viewer.subcategory", "pk": 13, "fields": {"name": "Audi TT", "category": 2}}, {"model": "viewer.subcategory", "pk": 14, "fields": {"name": "Alfa Romeo 147", "category": 1}}, {"model": "viewer.subcategory", "pk": 15, "fields": {"name": "Alfa Romeo 159", "category": 1}}, {"model": "viewer.body", "pk": 1, "fields": {"name": "Komby"}}, {"model": "viewer.body", "pk": 2, "fields": {"name": "SUV"}}, {"model": "viewer.body", "pk": 3, "fields": {"name": "Sedan"}}, {"model": "viewer.body", "pk": 4, "fields": {"name": "Limuzína"}}, {"model": "viewer.body", "pk": 5, "fields": {"name": "Hatchback"}}, {"model": "viewer.body", "pk": 6, "fields": {"name": "Liftback"}}, {"model": "viewer.body", "pk": 7, "fields": {"name": "MPV"}}, {"model": "viewer.body", "pk": 8, "fields": {"name": "Pick-up"}}, {"model": "viewer.product", "pk": 1, "fields": {"name": "EVA koberce Alfa Romeo 147 (2000-2010)", "subcategory": 14, "year_of_manufacture": "2000", "body": 5, "code": null, "short_description": "test Alfa Romeo short", "description": "test Alfa Romeo", "quantity": 5, "price": 2395.0, "availability": true, "image": "products/WhatsApp_Image_2024-08-22_at_17.19.02_13.jpeg"}}, {"model": "viewer.product", "pk": 2, "fields": {"name": "EVA koberce Alfa Romeo 159 (2005-2011)", "subcategory": 15, "year_of_manufacture": "2005", "body": 5, "code": null, "short_description": "Autokoberce EVA jsou vyrobeny z velmi příjemného lehkého materiálu, který poskytuje trvalý komfort a pohodlí. Koberce skrývají prach, vodu, vypadají skvěle za každého počasí a vždy si zachovávají estetiku. Salon vašeho auta s těmito koberečky bude vždy vypadat hezky. U modelů se můžou lišit výkresy podle toho, zda je vozidlo kombi, sedan, hatchback apod. Proto pokud chcete mít autokoberce přesně na míru a jste z okolí Prahy, tak je možnost schůzky a udělat výkresy přímo pro vaše vozidlo.", "description": "Autokoberce EVA jsou vyrobeny z velmi příjemného lehkého materiálu, který poskytuje trvalý komfort a pohodlí. Koberce skrývají prach, vodu, vypadají skvěle za každého počasí a vždy si zachovávají estetiku. Salon vašeho auta s těmito koberečky bude vždy vypadat hezky. Koberce vlze objednat v různých barvách. Je možné jak klasické, tak speciální designové řešení. Autokoberce EVA dokonale chrání interiér vašeho auta před vlhkostí, prachem a nečistotami. Můžete si vždy koupit jakoukoli díl zvlášť, nemusíte objednávat celou sadu. Povrch materiálu koberečků je pokryt speciálními kosočtverečnými buňkami. Obvykle nečistoty, které se dostanou na běžné rohože, se začnou rozmazávat a šířit po celém salonu, ale v případě EVA materiálu se to nikdy nestane. Sníh, voda, prach a vlhké nečistoty se dostanou do buněk a zůstanou tam. Mimochodem, díky buňkám materiálu budete uklízet v kabině méně často. Pokud máte v autě nestandardní tvar podlahy v kabině (například v souvislosti s tuningem), můžeme pro vás vyrobit vlastní koberce. Rozměry, tvar a barvy výrobků mohou být libovolné. Cena přitom bude jako u běžného produktu. Měkký ultralehký plast EVA, ze kterého jsou koberce vyrobeny, je 100% bezpečný pro zdraví. Z něj se často vyrábějí objemné puzzle pro nejmenší a další dětské hračky, takže si můžete být zcela jisti jeho ekologičností. Rohože jsou bez zápachu a na dotek jsou velmi měkké a příjemné. Autokoberce EVA jsou větší a lépe kryjí podlahy než původní koberce. Odolné proti opotřebení. Průměrná životnost od 3 let. Dobře odolávají teplotám od -40° do + 50°.", "quantity": 6, "price": 2395.0, "availability": true, "image": "products/WhatsApp_Image_2024-08-22_at_17_8ubZYdl.19.02_13.jpeg"}}, {"model": "viewer.product", "pk": 3, "fields": {"name": "EVA koberce Audi A3 III 8V sedan (2012-2020)", "subcategory": 6, "year_of_manufacture": "2012", "body": 5, "code": null, "short_description": "Autokoberce EVA jsou vyrobeny z velmi příjemného lehkého materiálu, který poskytuje trvalý komfort a pohodlí. Koberce skrývají prach, vodu, vypadají skvěle za každého počasí a vždy si zachovávají estetiku. Salon vašeho auta s těmito koberečky bude vždy vypadat hezky. U modelů se můžou lišit výkresy podle toho, zda je vozidlo kombi, sedan, hatchback apod. Proto pokud chcete mít autokoberce přesně na míru a jste z okolí Prahy, tak je možnost schůzky a udělat výkresy přímo pro vaše vozidlo.", "description": "Autokoberce EVA jsou vyrobeny z velmi příjemného lehkého materiálu, který poskytuje trvalý komfort a pohodlí. Koberce skrývají prach, vodu, vypadají skvěle za každého počasí a vždy si zachovávají estetiku. Salon vašeho auta s těmito koberečky bude vždy vypadat hezky. Koberce vlze objednat v různých barvách. Je možné jak klasické, tak speciální designové řešení. Autokoberce EVA dokonale chrání interiér vašeho auta před vlhkostí, prachem a nečistotami. Můžete si vždy koupit jakoukoli díl zvlášť, nemusíte objednávat celou sadu. Povrch materiálu koberečků je pokryt speciálními kosočtverečnými buňkami. Obvykle nečistoty, které se dostanou na běžné rohože, se začnou rozmazávat a šířit po celém salonu, ale v případě EVA materiálu se to nikdy nestane. Sníh, voda, prach a vlhké nečistoty se dostanou do buněk a zůstanou tam. Mimochodem, díky buňkám materiálu budete uklízet v kabině méně často. Pokud máte v autě nestandardní tvar podlahy v kabině (například v souvislosti s tuningem), můžeme pro vás vyrobit vlastní koberce. Rozměry, tvar a barvy výrobků mohou být libovolné. Cena přitom bude jako u běžného produktu. Měkký ultralehký plast EVA, ze kterého jsou koberce vyrobeny, je 100% bezpečný pro zdraví. Z něj se často vyrábějí objemné puzzle pro nejmenší a další dětské hračky, takže si můžete být zcela jisti jeho ekologičností. Rohože jsou bez zápachu a na dotek jsou velmi měkké a příjemné. Autokoberce EVA jsou větší a lépe kryjí podlahy než původní koberce. Odolné proti opotřebení. Průměrná životnost od 3 let. Dobře odolávají teplotám od -40° do + 50°.", "quantity": 4, "price": 2395.0, "availability": true, "image": "products/Ford_Focus_III_2011_c.jpeg"}}, {"model": "viewer.product", "pk": 4, "fields": {"name": "EVA koberce Audi A4 B6 (2000-2004)", "subcategory": 7, "year_of_manufacture": "2000", "body": 1, "code": null, "short_description": "Autokoberce EVA jsou vyrobeny z velmi příjemného lehkého materiálu, který poskytuje trvalý komfort a pohodlí. Koberce skrývají prach, vodu, vypadají skvěle za každého počasí a vždy si zachovávají estetiku. Salon vašeho auta s těmito koberečky bude vždy vypadat hezky. U modelů se můžou lišit výkresy podle toho, zda je vozidlo kombi, sedan, hatchback apod. Proto pokud chcete mít autokoberce přesně na míru a jste z okolí Prahy, tak je možnost schůzky a udělat výkresy přímo pro vaše vozidlo.", "description": "Autokoberce EVA jsou vyrobeny z velmi příjemného lehkého materiálu, který poskytuje trvalý komfort a pohodlí. Koberce skrývají prach, vodu, vypadají skvěle za každého počasí a vždy si zachovávají estetiku. Salon vašeho auta s těmito koberečky bude vždy vypadat hezky. Koberce vlze objednat v různých barvách. Je možné jak klasické, tak speciální designové řešení. Autokoberce EVA dokonale chrání interiér vašeho auta před vlhkostí, prachem a nečistotami. Můžete si vždy koupit jakoukoli díl zvlášť, nemusíte objednávat celou sadu. Povrch materiálu koberečků je pokryt speciálními kosočtverečnými buňkami. Obvykle nečistoty, které se dostanou na běžné rohože, se začnou rozmazávat a šířit po celém salonu, ale v případě EVA materiálu se to nikdy nestane. Sníh, voda, prach a vlhké nečistoty se dostanou do buněk a zůstanou tam. Mimochodem, díky buňkám materiálu budete uklízet v kabině méně často. Pokud máte v autě nestandardní tvar podlahy v kabině (například v souvislosti s tuningem), můžeme pro vás vyrobit vlastní koberce. Rozměry, tvar a barvy výrobků mohou být libovolné. Cena přitom bude jako u běžného produktu. Měkký ultralehký plast EVA, ze kterého jsou koberce vyrobeny, je 100% bezpečný pro zdraví. Z něj se často vyrábějí objemné puzzle pro nejmenší a další dětské hračky, takže si můžete být zcela jisti jeho ekologičností. Rohože jsou bez zápachu a na dotek jsou velmi měkké a příjemné. Autokoberce EVA jsou větší a lépe kryjí podlahy než původní koberce. Odolné proti opotřebení. Průměrná životnost od 3 let. Dobře odolávají teplotám od -40° do + 50°.", "quantity": 4, "price": 2395.0, "availability": true, "image": "products/Honda_Jazz_II_2007-2013c.jpg"}}, {"model": "viewer.product", "pk": 5, "fields": {"name": "EVA koberce Audi A4 B7 (2004-2009)", "subcategory": 7, "year_of_manufacture": "2004", "body": 1, "code": null, "short_description": "Autokoberce EVA jsou vyrobeny z velmi příjemného lehkého materiálu, který poskytuje trvalý komfort a pohodlí. Koberce skrývají prach, vodu, vypadají skvěle za každého počasí a vždy si zachovávají estetiku. Salon vašeho auta s těmito koberečky bude vždy vypadat hezky. U modelů se můžou lišit výkresy podle toho, zda je vozidlo kombi, sedan, hatchback apod. Proto pokud chcete mít autokoberce přesně na míru a jste z okolí Prahy, tak je možnost schůzky a udělat výkresy přímo pro vaše vozidlo.", "description": "Autokoberce EVA jsou vyrobeny z velmi příjemného lehkého materiálu, který poskytuje trvalý komfort a pohodlí. Koberce skrývají prach, vodu, vypadají skvěle za každého počasí a vždy si zachovávají estetiku. Salon vašeho auta s těmito koberečky bude vždy vypadat hezky. Koberce vlze objednat v různých barvách. Je možné jak klasické, tak speciální designové řešení. Autokoberce EVA dokonale chrání interiér vašeho auta před vlhkostí, prachem a nečistotami. Můžete si vždy koupit jakoukoli díl zvlášť, nemusíte objednávat celou sadu. Povrch materiálu koberečků je pokryt speciálními kosočtverečnými buňkami. Obvykle nečistoty, které se dostanou na běžné rohože, se začnou rozmazávat a šířit po celém salonu, ale v případě EVA materiálu se to nikdy nestane. Sníh, voda, prach a vlhké nečistoty se dostanou do buněk a zůstanou tam. Mimochodem, díky buňkám materiálu budete uklízet v kabině méně často. Pokud máte v autě nestandardní tvar podlahy v kabině (například v souvislosti s tuningem), můžeme pro vás vyrobit vlastní koberce. Rozměry, tvar a barvy výrobků mohou být libovolné. Cena přitom bude jako u běžného produktu. Měkký ultralehký plast EVA, ze kterého jsou koberce vyrobeny, je 100% bezpečný pro zdraví. Z něj se často vyrábějí objemné puzzle pro nejmenší a další dětské hračky, takže si můžete být zcela jisti jeho ekologičností. Rohože jsou bez zápachu a na dotek jsou velmi měkké a příjemné. Autokoberce EVA jsou větší a lépe kryjí podlahy než původní koberce. Odolné proti opotřebení. Průměrná životnost od 3 let. Dobře odolávají teplotám od -40° do + 50°.", "quantity": 6, "price": 2395.0, "availability": true, "image": "products/Ford_Focus_I_1998-2005c.jpeg"}}, {"model": "viewer.product", "pk": 6, "fields": {"name": "EVA koberce Audi A4 B8 (2007-2015)", "subcategory": 7, "year_of_manufacture": "2007", "body": 1, "code": null, "short_description": "Autokoberce EVA jsou vyrobeny z velmi příjemného lehkého materiálu, který poskytuje trvalý komfort a pohodlí. Koberce skrývají prach, vodu, vypadají skvěle za každého počasí a vždy si zachovávají estetiku. Salon vašeho auta s těmito koberečky bude vždy vypadat hezky. U modelů se můžou lišit výkresy podle toho, zda je vozidlo kombi, sedan, hatchback apod. Proto pokud chcete mít autokoberce přesně na míru a jste z okolí Prahy, tak je možnost schůzky a udělat výkresy přímo pro vaše vozidlo.", "description": "Autokoberce EVA jsou vyrobeny z velmi příjemného lehkého materiálu, který poskytuje trvalý komfort a pohodlí. Koberce skrývají prach, vodu, vypadají skvěle za každého počasí a vždy si zachovávají estetiku. Salon vašeho auta s těmito koberečky bude vždy vypadat hezky. Koberce vlze objednat v různých barvách. Je možné jak klasické, tak speciální designové řešení. Autokoberce EVA dokonale chrání interiér vašeho auta před vlhkostí, prachem a nečistotami. Můžete si vždy koupit jakoukoli díl zvlášť, nemusíte objednávat celou sadu. Povrch materiálu koberečků je pokryt speciálními kosočtverečnými buňkami. Obvykle nečistoty, které se dostanou na běžné rohože, se začnou rozmazávat a šířit po celém salonu, ale v případě EVA materiálu se to nikdy nestane. Sníh, voda, prach a vlhké nečistoty se dostanou do buněk a zůstanou tam. Mimochodem, díky buňkám materiálu budete uklízet v kabině méně často. Pokud máte v autě nestandardní tvar podlahy v kabině (například v souvislosti s tuningem), můžeme pro vás vyrobit vlastní koberce. Rozměry, tvar a barvy výrobků mohou být libovolné. Cena přitom bude jako u běžného produktu. Měkký ultralehký plast EVA, ze kterého jsou koberce vyrobeny, je 100% bezpečný pro zdraví. Z něj se často vyrábějí objemné puzzle pro nejmenší a další dětské hračky, takže si můžete být zcela jisti jeho ekologičností. Rohože jsou bez zápachu a na dotek jsou velmi měkké a příjemné. Autokoberce EVA jsou větší a lépe kryjí podlahy než původní koberce. Odolné proti opotřebení. Průměrná životnost od 3 let. Dobře odolávají teplotám od -40° do + 50°.", "quantity": 3, "price": 2395.0, "availability": true, "image": "products/Ford_Fiesta_VI_2008-2018c.jpeg"}}, {"model": "viewer.product", "pk": 7, "fields": {"name": "EVA koberce Audi A4 B9 (2016)", "subcategory": 7, "year_of_manufacture": "2016", "body": 1, "code": null, "short_description": "Autokoberce EVA jsou vyrobeny z velmi příjemného lehkého materiálu, který poskytuje trvalý komfort a pohodlí.\r\n\r\nKoberce skrývají prach, vodu, vypadají skvěle za každého počasí a vždy si zachovávají estetiku.\r\n\r\nSalon vašeho auta s těmito koberečky bude vždy vypadat hezky.\r\n\r\nU modelů se můžou lišit výkresy podle toho, zda je vozidlo kombi, sedan, hatchback apod.\r\n\r\nProto pokud chcete mít autokoberce přesně na míru a jste z okolí Prahy, tak je možnost schůzky a udělat výkresy přímo pro vaše vozidlo.", "description": "Autokoberce EVA jsou vyrobeny z velmi příjemného lehkého materiálu, který poskytuje trvalý komfort a pohodlí.\r\n\r\nKoberce skrývají prach, vodu, vypadají skvěle za každého počasí a vždy si zachovávají estetiku.\r\n\r\nSalon vašeho auta s těmito koberečky bude vždy vypadat hezky.\r\n\r\nKoberce vlze objednat v různých barvách. Je možné jak klasické, tak speciální designové řešení.\r\n\r\nAutokoberce EVA dokonale chrání interiér vašeho auta před vlhkostí, prachem a nečistotami.\r\n\r\nMůžete si vždy koupit jakoukoli díl zvlášť, nemusíte objednávat celou sadu.\r\n\r\nPovrch materiálu koberečků je pokryt speciálními kosočtverečnými buňkami. Obvykle nečistoty, které se dostanou na běžné rohože, se začnou rozmazávat a šířit po celém salonu, ale v případě EVA materiálu se to nikdy nestane. Sníh, voda, prach a vlhké nečistoty se dostanou do buněk a zůstanou tam. Mimochodem, díky buňkám materiálu budete uklízet v kabině méně často.\r\n\r\nPokud máte v autě nestandardní tvar podlahy v kabině (například v souvislosti s tuningem), můžeme pro vás vyrobit vlastní koberce. Rozměry, tvar a barvy výrobků mohou být libovolné.\r\n\r\nCena přitom bude jako u běžného produktu.\r\n\r\nMěkký ultralehký plast EVA, ze kterého jsou koberce vyrobeny, je 100% bezpečný pro zdraví. Z něj se často vyrábějí objemné puzzle pro nejmenší a další dětské hračky, takže si můžete být zcela jisti jeho ekologičností. Rohože jsou bez zápachu a na dotek jsou velmi měkké a příjemné.\r\n\r\nAutokoberce EVA jsou větší a lépe kryjí podlahy než původní koberce.\r\n\r\nOdolné proti opotřebení.\r\n\r\nPrůměrná životnost od 3 let. Dobře odolávají teplotám od -40° do + 50°.", "quantity": 7, "price": 2395.0, "availability": true, "image": "products/Dodge_Caliber_2006-2011c.jpg"}}, {"model": "viewer.product", "pk": 8, "fields": {"name": "EVA koberce Audi A6 C7 (2011)", "subcategory": 8, "year_of_manufacture": "2011", "body": 1, "code": null, "short_description": "Autokoberce EVA jsou vyrobeny z velmi příjemného lehkého materiálu, který poskytuje trvalý komfort a pohodlí.\r\n\r\nKoberce skrývají prach, vodu, vypadají skvěle za každého počasí a vždy si zachovávají estetiku.\r\n\r\nSalon vašeho auta s těmito koberečky bude vždy vypadat hezky.\r\n\r\nU modelů se můžou lišit výkresy podle toho, zda je vozidlo kombi, sedan, hatchback apod.\r\n\r\nProto pokud chcete mít autokoberce přesně na míru a jste z okolí Prahy, tak je možnost schůzky a udělat výkresy přímo pro vaše vozidlo.", "description": "Autokoberce EVA jsou vyrobeny z velmi příjemného lehkého materiálu, který poskytuje trvalý komfort a pohodlí.\r\n\r\nKoberce skrývají prach, vodu, vypadají skvěle za každého počasí a vždy si zachovávají estetiku.\r\n\r\nSalon vašeho auta s těmito koberečky bude vždy vypadat hezky.\r\n\r\nKoberce vlze objednat v různých barvách. Je možné jak klasické, tak speciální designové řešení.\r\n\r\nAutokoberce EVA dokonale chrání interiér vašeho auta před vlhkostí, prachem a nečistotami.\r\n\r\nMůžete si vždy koupit jakoukoli díl zvlášť, nemusíte objednávat celou sadu.\r\n\r\nPovrch materiálu koberečků je pokryt speciálními kosočtverečnými buňkami. Obvykle nečistoty, které se dostanou na běžné rohože, se začnou rozmazávat a šířit po celém salonu, ale v případě EVA materiálu se to nikdy nestane. Sníh, voda, prach a vlhké nečistoty se dostanou do buněk a zůstanou tam. Mimochodem, díky buňkám materiálu budete uklízet v kabině méně často.\r\n\r\nPokud máte v autě nestandardní tvar podlahy v kabině (například v souvislosti s tuningem), můžeme pro vás vyrobit vlastní koberce. Rozměry, tvar a barvy výrobků mohou být libovolné.\r\n\r\nCena přitom bude jako u běžného produktu.\r\n\r\nMěkký ultralehký plast EVA, ze kterého jsou koberce vyrobeny, je 100% bezpečný pro zdraví. Z něj se často vyrábějí objemné puzzle pro nejmenší a další dětské hračky, takže si můžete být zcela jisti jeho ekologičností. Rohože jsou bez zápachu a na dotek jsou velmi měkké a příjemné.\r\n\r\nAutokoberce EVA jsou větší a lépe kryjí podlahy než původní koberce.\r\n\r\nOdolné proti opotřebení.\r\n\r\nPrůměrná životnost od 3 let. Dobře odolávají teplotám od -40° do + 50°.", "quantity": 2, "price": 2395.0, "availability": true, "image": "products/Ford_Kuga_II_2012__c.jpeg"}}]