[{"model": "viewer.coloroftrim", "pk": 1, "fields": {"name": "Èerny"}}, {"model": "viewer.coloroftrim", "pk": 2, "fields": {"name": "Èervenı"}}, {"model": "viewer.coloroftrim", "pk": 3, "fields": {"name": "Tmavì-šedı"}}, {"model": "viewer.coloroftrim", "pk": 4, "fields": {"name": "Šedı"}}, {"model": "viewer.coloroftrim", "pk": 5, "fields": {"name": "Svìtlo-šedı"}}, {"model": "viewer.coloroftrim", "pk": 6, "fields": {"name": "Tmavì-modrı"}}, {"model": "viewer.coloroftrim", "pk": 7, "fields": {"name": "Modrı"}}, {"model": "viewer.coloroftrim", "pk": 8, "fields": {"name": "Hnìdı"}}, {"model": "viewer.coloroftrim", "pk": 9, "fields": {"name": "Beovı"}}, {"model": "viewer.colorofmat", "pk": 1, "fields": {"name": "Cerny"}}, {"model": "viewer.colorofmat", "pk": 2, "fields": {"name": "Tmavì-šedı"}}, {"model": "viewer.colorofmat", "pk": 3, "fields": {"name": "Beovı"}}, {"model": "viewer.colorofmat", "pk": 4, "fields": {"name": "Hnìdı"}}, {"model": "viewer.category", "pk": 1, "fields": {"name": "Alfa Romeo"}}, {"model": "viewer.category", "pk": 2, "fields": {"name": "Audi"}}, {"model": "viewer.category", "pk": 3, "fields": {"name": "BMW"}}, {"model": "viewer.category", "pk": 4, "fields": {"name": "Chery"}}, {"model": "viewer.category", "pk": 5, "fields": {"name": "Chevrolet"}}, {"model": "viewer.category", "pk": 6, "fields": {"name": "Chrysler"}}, {"model": "viewer.category", "pk": 7, "fields": {"name": "Citroen"}}, {"model": "viewer.category", "pk": 8, "fields": {"name": "Daewoo"}}, {"model": "viewer.category", "pk": 9, "fields": {"name": "Datsun"}}, {"model": "viewer.category", "pk": 10, "fields": {"name": "Dodge"}}, {"model": "viewer.category", "pk": 11, "fields": {"name": "Ford"}}, {"model": "viewer.category", "pk": 12, "fields": {"name": "Honda"}}, {"model": "viewer.category", "pk": 13, "fields": {"name": "Hyundai"}}, {"model": "viewer.category", "pk": 14, "fields": {"name": "Infiniti"}}, {"model": "viewer.category", "pk": 15, "fields": {"name": "Jaguar"}}, {"model": "viewer.category", "pk": 16, "fields": {"name": "Jeep"}}, {"model": "viewer.category", "pk": 17, "fields": {"name": "Kia"}}, {"model": "viewer.category", "pk": 18, "fields": {"name": "Land Rover"}}, {"model": "viewer.category", "pk": 19, "fields": {"name": "Lexus"}}, {"model": "viewer.category", "pk": 20, "fields": {"name": "Lifan"}}, {"model": "viewer.category", "pk": 21, "fields": {"name": "Mazda"}}, {"model": "viewer.category", "pk": 22, "fields": {"name": "Mercedes-Benz"}}, {"model": "viewer.category", "pk": 23, "fields": {"name": "Mitsubishi"}}, {"model": "viewer.category", "pk": 24, "fields": {"name": "Nissan"}}, {"model": "viewer.category", "pk": 25, "fields": {"name": "Opel"}}, {"model": "viewer.category", "pk": 26, "fields": {"name": "Peugeot"}}, {"model": "viewer.category", "pk": 27, "fields": {"name": "Porsche"}}, {"model": "viewer.category", "pk": 28, "fields": {"name": "Renault"}}, {"model": "viewer.category", "pk": 29, "fields": {"name": "Seat"}}, {"model": "viewer.category", "pk": 30, "fields": {"name": "Škoda"}}, {"model": "viewer.category", "pk": 31, "fields": {"name": "Smart"}}, {"model": "viewer.category", "pk": 32, "fields": {"name": "Ssanyong"}}, {"model": "viewer.category", "pk": 33, "fields": {"name": "Subaru"}}, {"model": "viewer.category", "pk": 34, "fields": {"name": "Suzuki"}}, {"model": "viewer.category", "pk": 35, "fields": {"name": "Tatra"}}, {"model": "viewer.category", "pk": 36, "fields": {"name": "Tesla"}}, {"model": "viewer.category", "pk": 37, "fields": {"name": "Toyota"}}, {"model": "viewer.category", "pk": 38, "fields": {"name": "Volkswagen"}}, {"model": "viewer.category", "pk": 39, "fields": {"name": "Volvo"}}, {"model": "viewer.subcategory", "pk": 6, "fields": {"name": "Audi A3", "category": 2}}, {"model": "viewer.subcategory", "pk": 7, "fields": {"name": "Audi A4", "category": 2}}, {"model": "viewer.subcategory", "pk": 8, "fields": {"name": "Audi A6", "category": 2}}, {"model": "viewer.subcategory", "pk": 9, "fields": {"name": "Audi A7", "category": 2}}, {"model": "viewer.subcategory", "pk": 10, "fields": {"name": "Audi A8", "category": 2}}, {"model": "viewer.subcategory", "pk": 11, "fields": {"name": "Audi Q5", "category": 2}}, {"model": "viewer.subcategory", "pk": 12, "fields": {"name": "Audi Q7", "category": 2}}, {"model": "viewer.subcategory", "pk": 13, "fields": {"name": "Audi TT", "category": 2}}, {"model": "viewer.subcategory", "pk": 14, "fields": {"name": "Alfa Romeo 147", "category": 1}}, {"model": "viewer.subcategory", "pk": 15, "fields": {"name": "Alfa Romeo 159", "category": 1}}, {"model": "viewer.body", "pk": 1, "fields": {"name": "Komby"}}, {"model": "viewer.body", "pk": 2, "fields": {"name": "SUV"}}, {"model": "viewer.body", "pk": 3, "fields": {"name": "Sedan"}}, {"model": "viewer.body", "pk": 4, "fields": {"name": "Limuzína"}}, {"model": "viewer.body", "pk": 5, "fields": {"name": "Hatchback"}}, {"model": "viewer.body", "pk": 6, "fields": {"name": "Liftback"}}, {"model": "viewer.body", "pk": 7, "fields": {"name": "MPV"}}, {"model": "viewer.body", "pk": 8, "fields": {"name": "Pick-up"}}, {"model": "viewer.product", "pk": 1, "fields": {"name": "EVA koberce Alfa Romeo 147 (2000-2010)", "subcategory": 14, "year_of_manufacture": "2000", "body": 5, "code": null, "short_description": "test Alfa Romeo short", "description": "test Alfa Romeo", "quantity": 5, "price": 2395.0, "availability": true, "image": "products/Alfa-Romeo-147_web.jpeg", "mat_color": 1, "trim_color": 1}}, {"model": "viewer.product", "pk": 2, "fields": {"name": "EVA koberce Alfa Romeo 159 (2005-2011)", "subcategory": 15, "year_of_manufacture": "2005", "body": 5, "code": null, "short_description": "Autokoberce EVA jsou vyrobeny z velmi pøíjemného lehkého materiálu, kterı poskytuje trvalı komfort a pohodlí. Koberce skrıvají prach, vodu, vypadají skvìle za kadého poèasí a vdy si zachovávají estetiku. Salon vašeho auta s tìmito kobereèky bude vdy vypadat hezky. U modelù se mùou lišit vıkresy podle toho, zda je vozidlo kombi, sedan, hatchback apod. Proto pokud chcete mít autokoberce pøesnì na míru a jste z okolí Prahy, tak je monost schùzky a udìlat vıkresy pøímo pro vaše vozidlo.", "description": "Autokoberce EVA jsou vyrobeny z velmi pøíjemného lehkého materiálu, kterı poskytuje trvalı komfort a pohodlí. Koberce skrıvají prach, vodu, vypadají skvìle za kadého poèasí a vdy si zachovávají estetiku. Salon vašeho auta s tìmito kobereèky bude vdy vypadat hezky. Koberce vlze objednat v rùznıch barvách. Je moné jak klasické, tak speciální designové øešení. Autokoberce EVA dokonale chrání interiér vašeho auta pøed vlhkostí, prachem a neèistotami. Mùete si vdy koupit jakoukoli díl zvláš, nemusíte objednávat celou sadu. Povrch materiálu kobereèkù je pokryt speciálními kosoètvereènımi buòkami. Obvykle neèistoty, které se dostanou na bìné rohoe, se zaènou rozmazávat a šíøit po celém salonu, ale v pøípadì EVA materiálu se to nikdy nestane. Sníh, voda, prach a vlhké neèistoty se dostanou do bunìk a zùstanou tam. Mimochodem, díky buòkám materiálu budete uklízet v kabinì ménì èasto. Pokud máte v autì nestandardní tvar podlahy v kabinì (napøíklad v souvislosti s tuningem), mùeme pro vás vyrobit vlastní koberce. Rozmìry, tvar a barvy vırobkù mohou bıt libovolné. Cena pøitom bude jako u bìného produktu. Mìkkı ultralehkı plast EVA, ze kterého jsou koberce vyrobeny, je 100% bezpeènı pro zdraví. Z nìj se èasto vyrábìjí objemné puzzle pro nejmenší a další dìtské hraèky, take si mùete bıt zcela jisti jeho ekologièností. Rohoe jsou bez zápachu a na dotek jsou velmi mìkké a pøíjemné. Autokoberce EVA jsou vìtší a lépe kryjí podlahy ne pùvodní koberce. Odolné proti opotøebení. Prùmìrná ivotnost od 3 let. Dobøe odolávají teplotám od -40° do + 50°.", "quantity": 6, "price": 2395.0, "availability": true, "image": "products/Alfa-Romeo-159.jpeg", "mat_color": 1, "trim_color": 1}}, {"model": "viewer.product", "pk": 3, "fields": {"name": "EVA koberce Audi A3 III 8V sedan (2012-2020)", "subcategory": 6, "year_of_manufacture": "2012", "body": 5, "code": null, "short_description": "Autokoberce EVA jsou vyrobeny z velmi pøíjemného lehkého materiálu, kterı poskytuje trvalı komfort a pohodlí. Koberce skrıvají prach, vodu, vypadají skvìle za kadého poèasí a vdy si zachovávají estetiku. Salon vašeho auta s tìmito kobereèky bude vdy vypadat hezky. U modelù se mùou lišit vıkresy podle toho, zda je vozidlo kombi, sedan, hatchback apod. Proto pokud chcete mít autokoberce pøesnì na míru a jste z okolí Prahy, tak je monost schùzky a udìlat vıkresy pøímo pro vaše vozidlo.", "description": "Autokoberce EVA jsou vyrobeny z velmi pøíjemného lehkého materiálu, kterı poskytuje trvalı komfort a pohodlí. Koberce skrıvají prach, vodu, vypadají skvìle za kadého poèasí a vdy si zachovávají estetiku. Salon vašeho auta s tìmito kobereèky bude vdy vypadat hezky. Koberce vlze objednat v rùznıch barvách. Je moné jak klasické, tak speciální designové øešení. Autokoberce EVA dokonale chrání interiér vašeho auta pøed vlhkostí, prachem a neèistotami. Mùete si vdy koupit jakoukoli díl zvláš, nemusíte objednávat celou sadu. Povrch materiálu kobereèkù je pokryt speciálními kosoètvereènımi buòkami. Obvykle neèistoty, které se dostanou na bìné rohoe, se zaènou rozmazávat a šíøit po celém salonu, ale v pøípadì EVA materiálu se to nikdy nestane. Sníh, voda, prach a vlhké neèistoty se dostanou do bunìk a zùstanou tam. Mimochodem, díky buòkám materiálu budete uklízet v kabinì ménì èasto. Pokud máte v autì nestandardní tvar podlahy v kabinì (napøíklad v souvislosti s tuningem), mùeme pro vás vyrobit vlastní koberce. Rozmìry, tvar a barvy vırobkù mohou bıt libovolné. Cena pøitom bude jako u bìného produktu. Mìkkı ultralehkı plast EVA, ze kterého jsou koberce vyrobeny, je 100% bezpeènı pro zdraví. Z nìj se èasto vyrábìjí objemné puzzle pro nejmenší a další dìtské hraèky, take si mùete bıt zcela jisti jeho ekologièností. Rohoe jsou bez zápachu a na dotek jsou velmi mìkké a pøíjemné. Autokoberce EVA jsou vìtší a lépe kryjí podlahy ne pùvodní koberce. Odolné proti opotøebení. Prùmìrná ivotnost od 3 let. Dobøe odolávají teplotám od -40° do + 50°.", "quantity": 4, "price": 2395.0, "availability": true, "image": "products/Audi_A3_III_8V_sedan.jpeg", "mat_color": 1, "trim_color": 1}}, {"model": "viewer.product", "pk": 4, "fields": {"name": "EVA koberce Audi A4 B6 (2000-2004)", "subcategory": 7, "year_of_manufacture": "2000", "body": 1, "code": null, "short_description": "Autokoberce EVA jsou vyrobeny z velmi pøíjemného lehkého materiálu, kterı poskytuje trvalı komfort a pohodlí. Koberce skrıvají prach, vodu, vypadají skvìle za kadého poèasí a vdy si zachovávají estetiku. Salon vašeho auta s tìmito kobereèky bude vdy vypadat hezky. U modelù se mùou lišit vıkresy podle toho, zda je vozidlo kombi, sedan, hatchback apod. Proto pokud chcete mít autokoberce pøesnì na míru a jste z okolí Prahy, tak je monost schùzky a udìlat vıkresy pøímo pro vaše vozidlo.", "description": "Autokoberce EVA jsou vyrobeny z velmi pøíjemného lehkého materiálu, kterı poskytuje trvalı komfort a pohodlí. Koberce skrıvají prach, vodu, vypadají skvìle za kadého poèasí a vdy si zachovávají estetiku. Salon vašeho auta s tìmito kobereèky bude vdy vypadat hezky. Koberce vlze objednat v rùznıch barvách. Je moné jak klasické, tak speciální designové øešení. Autokoberce EVA dokonale chrání interiér vašeho auta pøed vlhkostí, prachem a neèistotami. Mùete si vdy koupit jakoukoli díl zvláš, nemusíte objednávat celou sadu. Povrch materiálu kobereèkù je pokryt speciálními kosoètvereènımi buòkami. Obvykle neèistoty, které se dostanou na bìné rohoe, se zaènou rozmazávat a šíøit po celém salonu, ale v pøípadì EVA materiálu se to nikdy nestane. Sníh, voda, prach a vlhké neèistoty se dostanou do bunìk a zùstanou tam. Mimochodem, díky buòkám materiálu budete uklízet v kabinì ménì èasto. Pokud máte v autì nestandardní tvar podlahy v kabinì (napøíklad v souvislosti s tuningem), mùeme pro vás vyrobit vlastní koberce. Rozmìry, tvar a barvy vırobkù mohou bıt libovolné. Cena pøitom bude jako u bìného produktu. Mìkkı ultralehkı plast EVA, ze kterého jsou koberce vyrobeny, je 100% bezpeènı pro zdraví. Z nìj se èasto vyrábìjí objemné puzzle pro nejmenší a další dìtské hraèky, take si mùete bıt zcela jisti jeho ekologièností. Rohoe jsou bez zápachu a na dotek jsou velmi mìkké a pøíjemné. Autokoberce EVA jsou vìtší a lépe kryjí podlahy ne pùvodní koberce. Odolné proti opotøebení. Prùmìrná ivotnost od 3 let. Dobøe odolávají teplotám od -40° do + 50°.", "quantity": 4, "price": 2395.0, "availability": true, "image": "products/Audi_A4_B6_2000.jpeg", "mat_color": 1, "trim_color": 1}}, {"model": "viewer.product", "pk": 5, "fields": {"name": "EVA koberce Audi A4 B7 (2004-2009)", "subcategory": 7, "year_of_manufacture": "2004", "body": 1, "code": null, "short_description": "Autokoberce EVA jsou vyrobeny z velmi pøíjemného lehkého materiálu, kterı poskytuje trvalı komfort a pohodlí. Koberce skrıvají prach, vodu, vypadají skvìle za kadého poèasí a vdy si zachovávají estetiku. Salon vašeho auta s tìmito kobereèky bude vdy vypadat hezky. U modelù se mùou lišit vıkresy podle toho, zda je vozidlo kombi, sedan, hatchback apod. Proto pokud chcete mít autokoberce pøesnì na míru a jste z okolí Prahy, tak je monost schùzky a udìlat vıkresy pøímo pro vaše vozidlo.", "description": "Autokoberce EVA jsou vyrobeny z velmi pøíjemného lehkého materiálu, kterı poskytuje trvalı komfort a pohodlí. Koberce skrıvají prach, vodu, vypadají skvìle za kadého poèasí a vdy si zachovávají estetiku. Salon vašeho auta s tìmito kobereèky bude vdy vypadat hezky. Koberce vlze objednat v rùznıch barvách. Je moné jak klasické, tak speciální designové øešení. Autokoberce EVA dokonale chrání interiér vašeho auta pøed vlhkostí, prachem a neèistotami. Mùete si vdy koupit jakoukoli díl zvláš, nemusíte objednávat celou sadu. Povrch materiálu kobereèkù je pokryt speciálními kosoètvereènımi buòkami. Obvykle neèistoty, které se dostanou na bìné rohoe, se zaènou rozmazávat a šíøit po celém salonu, ale v pøípadì EVA materiálu se to nikdy nestane. Sníh, voda, prach a vlhké neèistoty se dostanou do bunìk a zùstanou tam. Mimochodem, díky buòkám materiálu budete uklízet v kabinì ménì èasto. Pokud máte v autì nestandardní tvar podlahy v kabinì (napøíklad v souvislosti s tuningem), mùeme pro vás vyrobit vlastní koberce. Rozmìry, tvar a barvy vırobkù mohou bıt libovolné. Cena pøitom bude jako u bìného produktu. Mìkkı ultralehkı plast EVA, ze kterého jsou koberce vyrobeny, je 100% bezpeènı pro zdraví. Z nìj se èasto vyrábìjí objemné puzzle pro nejmenší a další dìtské hraèky, take si mùete bıt zcela jisti jeho ekologièností. Rohoe jsou bez zápachu a na dotek jsou velmi mìkké a pøíjemné. Autokoberce EVA jsou vìtší a lépe kryjí podlahy ne pùvodní koberce. Odolné proti opotøebení. Prùmìrná ivotnost od 3 let. Dobøe odolávají teplotám od -40° do + 50°.", "quantity": 6, "price": 2395.0, "availability": true, "image": "products/Audi_A4_B7.jpeg", "mat_color": 1, "trim_color": 1}}, {"model": "viewer.product", "pk": 6, "fields": {"name": "EVA koberce Audi A4 B8 (2007-2015)", "subcategory": 7, "year_of_manufacture": "2007", "body": 1, "code": null, "short_description": "Autokoberce EVA jsou vyrobeny z velmi pøíjemného lehkého materiálu, kterı poskytuje trvalı komfort a pohodlí. Koberce skrıvají prach, vodu, vypadají skvìle za kadého poèasí a vdy si zachovávají estetiku. Salon vašeho auta s tìmito kobereèky bude vdy vypadat hezky. U modelù se mùou lišit vıkresy podle toho, zda je vozidlo kombi, sedan, hatchback apod. Proto pokud chcete mít autokoberce pøesnì na míru a jste z okolí Prahy, tak je monost schùzky a udìlat vıkresy pøímo pro vaše vozidlo.", "description": "Autokoberce EVA jsou vyrobeny z velmi pøíjemného lehkého materiálu, kterı poskytuje trvalı komfort a pohodlí. Koberce skrıvají prach, vodu, vypadají skvìle za kadého poèasí a vdy si zachovávají estetiku. Salon vašeho auta s tìmito kobereèky bude vdy vypadat hezky. Koberce vlze objednat v rùznıch barvách. Je moné jak klasické, tak speciální designové øešení. Autokoberce EVA dokonale chrání interiér vašeho auta pøed vlhkostí, prachem a neèistotami. Mùete si vdy koupit jakoukoli díl zvláš, nemusíte objednávat celou sadu. Povrch materiálu kobereèkù je pokryt speciálními kosoètvereènımi buòkami. Obvykle neèistoty, které se dostanou na bìné rohoe, se zaènou rozmazávat a šíøit po celém salonu, ale v pøípadì EVA materiálu se to nikdy nestane. Sníh, voda, prach a vlhké neèistoty se dostanou do bunìk a zùstanou tam. Mimochodem, díky buòkám materiálu budete uklízet v kabinì ménì èasto. Pokud máte v autì nestandardní tvar podlahy v kabinì (napøíklad v souvislosti s tuningem), mùeme pro vás vyrobit vlastní koberce. Rozmìry, tvar a barvy vırobkù mohou bıt libovolné. Cena pøitom bude jako u bìného produktu. Mìkkı ultralehkı plast EVA, ze kterého jsou koberce vyrobeny, je 100% bezpeènı pro zdraví. Z nìj se èasto vyrábìjí objemné puzzle pro nejmenší a další dìtské hraèky, take si mùete bıt zcela jisti jeho ekologièností. Rohoe jsou bez zápachu a na dotek jsou velmi mìkké a pøíjemné. Autokoberce EVA jsou vìtší a lépe kryjí podlahy ne pùvodní koberce. Odolné proti opotøebení. Prùmìrná ivotnost od 3 let. Dobøe odolávají teplotám od -40° do + 50°.", "quantity": 3, "price": 2395.0, "availability": true, "image": "products/Audi_A4_B9_2016___ztGwHw9.jpeg", "mat_color": 1, "trim_color": 1}}, {"model": "viewer.product", "pk": 7, "fields": {"name": "EVA koberce Audi A4 B9 (2016)", "subcategory": 7, "year_of_manufacture": "2016", "body": 1, "code": null, "short_description": "Autokoberce EVA jsou vyrobeny z velmi pøíjemného lehkého materiálu, kterı poskytuje trvalı komfort a pohodlí.\r\n\r\nKoberce skrıvají prach, vodu, vypadají skvìle za kadého poèasí a vdy si zachovávají estetiku.\r\n\r\nSalon vašeho auta s tìmito kobereèky bude vdy vypadat hezky.\r\n\r\nU modelù se mùou lišit vıkresy podle toho, zda je vozidlo kombi, sedan, hatchback apod.\r\n\r\nProto pokud chcete mít autokoberce pøesnì na míru a jste z okolí Prahy, tak je monost schùzky a udìlat vıkresy pøímo pro vaše vozidlo.", "description": "Autokoberce EVA jsou vyrobeny z velmi pøíjemného lehkého materiálu, kterı poskytuje trvalı komfort a pohodlí.\r\n\r\nKoberce skrıvají prach, vodu, vypadají skvìle za kadého poèasí a vdy si zachovávají estetiku.\r\n\r\nSalon vašeho auta s tìmito kobereèky bude vdy vypadat hezky.\r\n\r\nKoberce vlze objednat v rùznıch barvách. Je moné jak klasické, tak speciální designové øešení.\r\n\r\nAutokoberce EVA dokonale chrání interiér vašeho auta pøed vlhkostí, prachem a neèistotami.\r\n\r\nMùete si vdy koupit jakoukoli díl zvláš, nemusíte objednávat celou sadu.\r\n\r\nPovrch materiálu kobereèkù je pokryt speciálními kosoètvereènımi buòkami. Obvykle neèistoty, které se dostanou na bìné rohoe, se zaènou rozmazávat a šíøit po celém salonu, ale v pøípadì EVA materiálu se to nikdy nestane. Sníh, voda, prach a vlhké neèistoty se dostanou do bunìk a zùstanou tam. Mimochodem, díky buòkám materiálu budete uklízet v kabinì ménì èasto.\r\n\r\nPokud máte v autì nestandardní tvar podlahy v kabinì (napøíklad v souvislosti s tuningem), mùeme pro vás vyrobit vlastní koberce. Rozmìry, tvar a barvy vırobkù mohou bıt libovolné.\r\n\r\nCena pøitom bude jako u bìného produktu.\r\n\r\nMìkkı ultralehkı plast EVA, ze kterého jsou koberce vyrobeny, je 100% bezpeènı pro zdraví. Z nìj se èasto vyrábìjí objemné puzzle pro nejmenší a další dìtské hraèky, take si mùete bıt zcela jisti jeho ekologièností. Rohoe jsou bez zápachu a na dotek jsou velmi mìkké a pøíjemné.\r\n\r\nAutokoberce EVA jsou vìtší a lépe kryjí podlahy ne pùvodní koberce.\r\n\r\nOdolné proti opotøebení.\r\n\r\nPrùmìrná ivotnost od 3 let. Dobøe odolávají teplotám od -40° do + 50°.", "quantity": 7, "price": 2395.0, "availability": true, "image": "products/Audi_A4_B9_2016__.jpeg", "mat_color": 1, "trim_color": 1}}, {"model": "viewer.product", "pk": 8, "fields": {"name": "EVA koberce Audi A6 C7 (2011)", "subcategory": 8, "year_of_manufacture": "2011", "body": 1, "code": null, "short_description": "Autokoberce EVA jsou vyrobeny z velmi pøíjemného lehkého materiálu, kterı poskytuje trvalı komfort a pohodlí.\r\n\r\nKoberce skrıvají prach, vodu, vypadají skvìle za kadého poèasí a vdy si zachovávají estetiku.\r\n\r\nSalon vašeho auta s tìmito kobereèky bude vdy vypadat hezky.\r\n\r\nU modelù se mùou lišit vıkresy podle toho, zda je vozidlo kombi, sedan, hatchback apod.\r\n\r\nProto pokud chcete mít autokoberce pøesnì na míru a jste z okolí Prahy, tak je monost schùzky a udìlat vıkresy pøímo pro vaše vozidlo.", "description": "Autokoberce EVA jsou vyrobeny z velmi pøíjemného lehkého materiálu, kterı poskytuje trvalı komfort a pohodlí.\r\n\r\nKoberce skrıvají prach, vodu, vypadají skvìle za kadého poèasí a vdy si zachovávají estetiku.\r\n\r\nSalon vašeho auta s tìmito kobereèky bude vdy vypadat hezky.\r\n\r\nKoberce vlze objednat v rùznıch barvách. Je moné jak klasické, tak speciální designové øešení.\r\n\r\nAutokoberce EVA dokonale chrání interiér vašeho auta pøed vlhkostí, prachem a neèistotami.\r\n\r\nMùete si vdy koupit jakoukoli díl zvláš, nemusíte objednávat celou sadu.\r\n\r\nPovrch materiálu kobereèkù je pokryt speciálními kosoètvereènımi buòkami. Obvykle neèistoty, které se dostanou na bìné rohoe, se zaènou rozmazávat a šíøit po celém salonu, ale v pøípadì EVA materiálu se to nikdy nestane. Sníh, voda, prach a vlhké neèistoty se dostanou do bunìk a zùstanou tam. Mimochodem, díky buòkám materiálu budete uklízet v kabinì ménì èasto.\r\n\r\nPokud máte v autì nestandardní tvar podlahy v kabinì (napøíklad v souvislosti s tuningem), mùeme pro vás vyrobit vlastní koberce. Rozmìry, tvar a barvy vırobkù mohou bıt libovolné.\r\n\r\nCena pøitom bude jako u bìného produktu.\r\n\r\nMìkkı ultralehkı plast EVA, ze kterého jsou koberce vyrobeny, je 100% bezpeènı pro zdraví. Z nìj se èasto vyrábìjí objemné puzzle pro nejmenší a další dìtské hraèky, take si mùete bıt zcela jisti jeho ekologièností. Rohoe jsou bez zápachu a na dotek jsou velmi mìkké a pøíjemné.\r\n\r\nAutokoberce EVA jsou vìtší a lépe kryjí podlahy ne pùvodní koberce.\r\n\r\nOdolné proti opotøebení.\r\n\r\nPrùmìrná ivotnost od 3 let. Dobøe odolávají teplotám od -40° do + 50°.", "quantity": 2, "price": 2395.0, "availability": true, "image": "products/Audi_A6_c7.jpeg", "mat_color": 1, "trim_color": 1}}, {"model": "viewer.productimage", "pk": 1, "fields": {"product": 8, "image": "products/Audi_A6_c7_BhHU2aA.jpeg"}}, {"model": "viewer.productimage", "pk": 2, "fields": {"product": 8, "image": "products/product_file_1_fe8UICt.jpg"}}, {"model": "viewer.productimage", "pk": 3, "fields": {"product": 8, "image": "products/product_file_2_pmbRUDA.jpg"}}, {"model": "viewer.cart", "pk": 1, "fields": {"session_key": "jxdvkfe5mkyhyd0fy6nr0mg7l924saxa", "created_at": "2024-10-07T21:03:42.347Z", "updated_at": "2024-10-07T21:03:42.347Z"}}, {"model": "viewer.cart", "pk": 4, "fields": {"session_key": "", "created_at": "2024-10-07T21:49:14.604Z", "updated_at": "2024-10-07T21:49:14.604Z"}}, {"model": "viewer.cart", "pk": 5, "fields": {"session_key": "unique_key_4", "created_at": "2024-10-07T21:51:08.402Z", "updated_at": "2024-10-07T21:51:08.402Z"}}, {"model": "viewer.cart", "pk": 6, "fields": {"session_key": "unique_key_5", "created_at": "2024-10-07T21:51:08.469Z", "updated_at": "2024-10-07T21:51:08.469Z"}}, {"model": "viewer.cart", "pk": 7, "fields": {"session_key": "unique_key_6", "created_at": "2024-10-07T21:51:08.545Z", "updated_at": "2024-10-07T21:51:08.545Z"}}, {"model": "viewer.cartitem", "pk": 5, "fields": {"cart": 1, "product": 2, "mat_color": 2, "trim_color": 8, "quantity": 1}}, {"model": "viewer.paymentmethod", "pk": 1, "fields": {"name": "Prevodem", "description": ""}}, {"model": "viewer.paymentmethod", "pk": 2, "fields": {"name": "Na Dobirku", "description": ""}}, {"model": "viewer.paymentmethod", "pk": 3, "fields": {"name": "Kartou", "description": ""}}, {"model": "viewer.paymentmethod", "pk": 4, "fields": {"name": "Credit Card", "description": null}}, {"model": "viewer.paymentmethod", "pk": 5, "fields": {"name": "Paypal", "description": null}}, {"model": "viewer.paymentmethod", "pk": 6, "fields": {"name": "Bank Transfer", "description": null}}, {"model": "viewer.payment", "pk": 1, "fields": {"cart": 1, "total_price": "2395.00", "payment_method": 1, "payment_status": "Pending", "created_at": "2024-10-07T21:03:57.015Z", "updated_at": "2024-10-08T08:25:25.291Z"}}, {"model": "viewer.payment", "pk": 2, "fields": {"cart": 5, "total_price": "1000.00", "payment_method": 4, "payment_status": "Pending", "created_at": "2024-10-07T21:52:34.626Z", "updated_at": "2024-10-07T21:52:34.626Z"}}, {"model": "viewer.payment", "pk": 3, "fields": {"cart": 6, "total_price": "1500.00", "payment_method": 5, "payment_status": "Pending", "created_at": "2024-10-07T21:52:34.695Z", "updated_at": "2024-10-07T21:52:34.695Z"}}, {"model": "viewer.payment", "pk": 4, "fields": {"cart": 7, "total_price": "2000.00", "payment_method": 6, "payment_status": "Pending", "created_at": "2024-10-07T21:52:34.781Z", "updated_at": "2024-10-07T21:52:34.781Z"}}, {"model": "viewer.shippingmethod", "pk": 1, "fields": {"name": "Zásilkovna domu", "description": ""}}, {"model": "viewer.shippingmethod", "pk": 2, "fields": {"name": "Zásilkovna vıdejní místo", "description": ""}}, {"model": "viewer.shippingmethod", "pk": 3, "fields": {"name": "Osobní odbìr", "description": ""}}, {"model": "viewer.shipping", "pk": 1, "fields": {"cart": 1, "address": "Nepomuckych 749/19", "city": "Praha", "postal_code": "19900", "country": "Èesko", "telefon": "776577177", "email": "sliams@gmail.com", "shipping_method": 1, "shipping_status": "Pending", "created_at": "2024-10-08T08:25:25.828Z", "updated_at": "2024-10-08T08:25:25.828Z"}}]